Distance to Coast (meters),Coastal Erosion
0,0.9
10,0.9
20,0.8
30,0.7
40,0.6
50,0.5
60,0.4
70,0.30000000000000004
80,0.19999999999999996
90,0.09999999999999998
100,0.0
